ID,Name,Email,Phone,Created At
1,Alice Smith,alice@example.com,9876543210,Fri Oct 25 2024 18:52:31 GMT+0530 (India Standard Time)
2,Bob Johnson,bob@example.com,2345678901,Fri Oct 25 2024 18:52:31 GMT+0530 (India Standard Time)
3,Charlie Brown,charlie@example.com,3456789012,Fri Oct 25 2024 18:52:31 GMT+0530 (India Standard Time)
4,Diana Prince,diana@example.com,4567890123,Fri Oct 25 2024 18:52:31 GMT+0530 (India Standard Time)
5,Alice Smith,alice@example.com,9876543210,Fri Oct 25 2024 18:56:36 GMT+0530 (India Standard Time)
6,Bob Johnson,bob@example.com,2345678901,Fri Oct 25 2024 18:56:36 GMT+0530 (India Standard Time)
7,Charlie Brown,charlie@example.com,3456789012,Fri Oct 25 2024 18:56:36 GMT+0530 (India Standard Time)
8,Diana Prince,diana@example.com,4567890123,Fri Oct 25 2024 18:56:36 GMT+0530 (India Standard Time)
9,Silvia Bauch DDS,Candice.Wunsch@hotmail.com,1-306-647-3756,Fri Oct 25 2024 20:46:42 GMT+0530 (India Standard Time)
10,Dr. Miriam Heidenreich,Lemuel16@gmail.com,1-604-533-1247,Fri Oct 25 2024 20:46:44 GMT+0530 (India Standard Time)
11,Saul Beier,Adelbert_Boyer22@hotmail.com,1-232-383-5968,Fri Oct 25 2024 20:46:44 GMT+0530 (India Standard Time)
12,Cameron Jacobs,Blanca.Kunde31@gmail.com,1-625-353-4645,Fri Oct 25 2024 20:46:44 GMT+0530 (India Standard Time)
13,Mr. Melissa Goldner,Ken.Schultz47@yahoo.com,(455) 858-0486,Fri Oct 25 2024 20:46:45 GMT+0530 (India Standard Time)
14,Wallace Purdy III,Agustina97@yahoo.com,(306) 664-8749,Fri Oct 25 2024 20:46:45 GMT+0530 (India Standard Time)
15,Ms. Omar Leuschke,Virginia21@yahoo.com,(342) 895-1819,Fri Oct 25 2024 20:46:45 GMT+0530 (India Standard Time)
16,Kelly Dickinson,Chadrick44@gmail.com,322-852-7206,Fri Oct 25 2024 20:46:46 GMT+0530 (India Standard Time)
17,Hope Kautzer,Conor81@gmail.com,1-963-288-3339,Fri Oct 25 2024 20:46:46 GMT+0530 (India Standard Time)
18,Ms. Hazel Mayer,Iliana.Schoen53@yahoo.com,527-466-2853,Fri Oct 25 2024 20:46:46 GMT+0530 (India Standard Time)
19,Mrs. Corey Collins,Asia_Turner96@gmail.com,217-319-6618,Fri Oct 25 2024 20:46:46 GMT+0530 (India Standard Time)
20,Courtney Reichert,Monica.Langosh39@hotmail.com,833.257.5347,Fri Oct 25 2024 20:46:47 GMT+0530 (India Standard Time)
21,Ira Bogisich,Jeanette95@gmail.com,473-753-3872,Fri Oct 25 2024 20:46:47 GMT+0530 (India Standard Time)
22,Ernesto Bogan MD,Evan30@gmail.com,1-761-383-4806,Fri Oct 25 2024 20:46:47 GMT+0530 (India Standard Time)
23,Mr. Regina McLaughlin,Asa_Sipes@yahoo.com,(756) 323-5257,Fri Oct 25 2024 20:46:47 GMT+0530 (India Standard Time)
24,Adrienne Fadel,Keaton2@gmail.com,588-301-7873,Fri Oct 25 2024 20:46:47 GMT+0530 (India Standard Time)
25,Jackie Prohaska,Jacques.Torphy18@yahoo.com,989-709-6288,Fri Oct 25 2024 20:46:48 GMT+0530 (India Standard Time)
26,Mrs. Bryan Vandervort,Kiara_Schinner4@hotmail.com,(495) 575-9729,Fri Oct 25 2024 20:46:48 GMT+0530 (India Standard Time)
27,Ronald Schuster,Marc_Nienow30@yahoo.com,581-977-8062,Fri Oct 25 2024 20:46:48 GMT+0530 (India Standard Time)
28,Arlene Hintz,Maudie_Stroman48@yahoo.com,(693) 605-4775,Fri Oct 25 2024 20:46:48 GMT+0530 (India Standard Time)
29,Spencer Dach,Mustafa.VonRueden57@yahoo.com,714-843-0126,Fri Oct 25 2024 20:46:48 GMT+0530 (India Standard Time)
30,Nellie Satterfield,Lavina50@yahoo.com,913.741.3765,Fri Oct 25 2024 20:46:49 GMT+0530 (India Standard Time)
31,Ms. Homer Kuphal,Judy75@gmail.com,1-514-708-3315,Fri Oct 25 2024 20:46:49 GMT+0530 (India Standard Time)
32,Gwendolyn Kulas,Keven.Gorczany@hotmail.com,(357) 605-6109,Fri Oct 25 2024 20:46:49 GMT+0530 (India Standard Time)
33,Garrett Brekke,Malvina.Ratke@hotmail.com,740.341.6068,Fri Oct 25 2024 20:46:49 GMT+0530 (India Standard Time)
34,Elvira Feest,Reymundo5@gmail.com,504-525-7573,Fri Oct 25 2024 20:46:49 GMT+0530 (India Standard Time)
35,Dr. Krista Prohaska,Hazle68@hotmail.com,586.498.9918,Fri Oct 25 2024 20:46:49 GMT+0530 (India Standard Time)
36,Sherri Denesik,Heath_Legros@yahoo.com,1-816-949-8936,Fri Oct 25 2024 20:46:49 GMT+0530 (India Standard Time)
37,Craig Carroll,Justine_Mosciski88@yahoo.com,485.933.2711,Fri Oct 25 2024 20:46:50 GMT+0530 (India Standard Time)
38,Ernesto Waelchi,Tevin.Borer11@gmail.com,344-350-9042,Fri Oct 25 2024 20:46:50 GMT+0530 (India Standard Time)
39,Alvin Jacobi,Stacey_Schoen58@gmail.com,(753) 890-1258,Fri Oct 25 2024 20:46:50 GMT+0530 (India Standard Time)
40,Mr. Peggy Lynch,Devin_Nitzsche68@hotmail.com,(982) 847-5798,Fri Oct 25 2024 20:46:50 GMT+0530 (India Standard Time)
41,Percy Kozey,Jerad_Wolf0@yahoo.com,464.511.7482,Fri Oct 25 2024 20:46:50 GMT+0530 (India Standard Time)
42,Elbert Bauch,Kraig_Prosacco23@yahoo.com,898-296-9909,Fri Oct 25 2024 20:46:50 GMT+0530 (India Standard Time)
43,Melinda Kling I,Dianna.Runolfsson94@yahoo.com,841.317.1325,Fri Oct 25 2024 20:46:51 GMT+0530 (India Standard Time)
44,Thomas Hoeger,Yadira.Kris@yahoo.com,410.995.4885,Fri Oct 25 2024 20:46:51 GMT+0530 (India Standard Time)
45,Dawn Bosco,Reinhold59@yahoo.com,253-638-7507,Fri Oct 25 2024 20:46:51 GMT+0530 (India Standard Time)
46,Pearl Fay,Isaac68@gmail.com,1-906-289-0916,Fri Oct 25 2024 20:46:51 GMT+0530 (India Standard Time)
47,Sidney Hermann,Julius.Wintheiser63@yahoo.com,1-586-721-8816,Fri Oct 25 2024 20:46:51 GMT+0530 (India Standard Time)
48,Irving Stracke,Royal_Beatty@gmail.com,1-920-627-5887,Fri Oct 25 2024 20:46:51 GMT+0530 (India Standard Time)
49,Garrett Raynor,Jamison_Hamill3@hotmail.com,(324) 293-7346,Fri Oct 25 2024 20:46:52 GMT+0530 (India Standard Time)
50,Earnest Streich,Evans_Quigley30@yahoo.com,816.799.0713,Fri Oct 25 2024 20:46:52 GMT+0530 (India Standard Time)
51,Trevor Hoppe,Katlynn47@gmail.com,865.540.6661,Fri Oct 25 2024 20:46:52 GMT+0530 (India Standard Time)
52,Ernestine Kuhic,Toni_Hettinger59@hotmail.com,1-509-923-5248,Fri Oct 25 2024 20:46:52 GMT+0530 (India Standard Time)
53,Peggy Kohler,Charlene.Moen95@yahoo.com,1-478-394-5522,Fri Oct 25 2024 20:46:53 GMT+0530 (India Standard Time)
54,Kirk Kassulke III,Jackie_Thompson@gmail.com,285.688.7223,Fri Oct 25 2024 20:46:53 GMT+0530 (India Standard Time)
55,Kelli Senger,Gianni_Weber@yahoo.com,(436) 692-6785,Fri Oct 25 2024 20:46:53 GMT+0530 (India Standard Time)
56,Clark Thiel,Lottie.Langosh@yahoo.com,(229) 710-2394,Fri Oct 25 2024 20:46:53 GMT+0530 (India Standard Time)
57,Cheryl Doyle,Foster_Ward@hotmail.com,626.820.2724,Fri Oct 25 2024 20:46:53 GMT+0530 (India Standard Time)
58,Nick Bednar,Nikko_MacGyver@yahoo.com,367-994-0105,Fri Oct 25 2024 20:46:53 GMT+0530 (India Standard Time)
59,Blanche Schroeder,Russell27@gmail.com,624.338.7480,Fri Oct 25 2024 20:46:54 GMT+0530 (India Standard Time)
60,Darryl Kerluke,Rolando96@gmail.com,721-266-1255,Fri Oct 25 2024 20:46:54 GMT+0530 (India Standard Time)
61,Becky Borer,Kitty_Lemke@hotmail.com,1-387-891-1045,Fri Oct 25 2024 20:46:54 GMT+0530 (India Standard Time)
62,Roy Toy,Nathanael.Murphy@yahoo.com,(342) 669-4537,Fri Oct 25 2024 20:46:54 GMT+0530 (India Standard Time)
63,Hazel Marks,Jacey_Baumbach@yahoo.com,(368) 279-5027,Fri Oct 25 2024 20:46:54 GMT+0530 (India Standard Time)
64,Guadalupe Beier,Minerva28@hotmail.com,328.635.2621,Fri Oct 25 2024 20:46:54 GMT+0530 (India Standard Time)
65,Melba VonRueden DVM,Tyshawn_Farrell@hotmail.com,(375) 405-9721,Fri Oct 25 2024 20:46:55 GMT+0530 (India Standard Time)
66,Nick Dibbert,Dejah80@yahoo.com,402-505-4056,Fri Oct 25 2024 20:46:55 GMT+0530 (India Standard Time)
67,Bethany Gusikowski,Pierce_King@yahoo.com,314-384-7771,Fri Oct 25 2024 20:46:55 GMT+0530 (India Standard Time)
68,Ms. Gregg Langosh,Albert35@gmail.com,407-307-1191,Fri Oct 25 2024 20:46:55 GMT+0530 (India Standard Time)
69,Cary Schinner,Timmy_Rohan@yahoo.com,445-701-9611,Fri Oct 25 2024 20:46:56 GMT+0530 (India Standard Time)
70,Perry Harvey,Adell91@gmail.com,(935) 589-4447,Fri Oct 25 2024 20:46:56 GMT+0530 (India Standard Time)
71,Ms. Marty Leuschke,Virginie58@gmail.com,270.320.4932,Fri Oct 25 2024 20:46:56 GMT+0530 (India Standard Time)
72,Viola Schumm,Jay_Wilderman@yahoo.com,(640) 362-3916,Fri Oct 25 2024 20:46:56 GMT+0530 (India Standard Time)
73,Percy Johnson,Einar80@hotmail.com,1-232-828-8659,Fri Oct 25 2024 20:46:56 GMT+0530 (India Standard Time)
74,Johnny Block,Judson36@gmail.com,1-612-546-4326,Fri Oct 25 2024 20:46:56 GMT+0530 (India Standard Time)
75,Bradley Kuhn,Milo.Cole29@gmail.com,1-961-256-1653,Fri Oct 25 2024 20:46:57 GMT+0530 (India Standard Time)
76,Sherman D'Amore,Niko73@hotmail.com,653.211.0594,Fri Oct 25 2024 20:46:57 GMT+0530 (India Standard Time)
77,Eric Fisher,Nicola_Heller@gmail.com,551.226.3749,Fri Oct 25 2024 20:46:57 GMT+0530 (India Standard Time)
78,Ellen Murphy,Meda23@hotmail.com,660.978.5299,Fri Oct 25 2024 20:46:57 GMT+0530 (India Standard Time)
79,Steve Rodriguez,Buster_Predovic20@yahoo.com,1-546-847-6217,Fri Oct 25 2024 20:46:58 GMT+0530 (India Standard Time)
80,Patrick Russel,Harley_Emmerich16@gmail.com,1-500-634-6244,Fri Oct 25 2024 20:46:58 GMT+0530 (India Standard Time)
81,Eunice Sawayn,Pauline.Abshire@gmail.com,1-695-533-6225,Fri Oct 25 2024 20:46:58 GMT+0530 (India Standard Time)
82,Aaron Williamson,Rusty12@yahoo.com,1-228-938-4586,Fri Oct 25 2024 20:46:58 GMT+0530 (India Standard Time)
83,Melissa Grimes,Esmeralda_Brekke@yahoo.com,863.591.0609,Fri Oct 25 2024 20:46:58 GMT+0530 (India Standard Time)
84,Ronnie Dickinson,Colby_Bins15@gmail.com,576-557-2680,Fri Oct 25 2024 20:46:59 GMT+0530 (India Standard Time)
85,Willie Gutkowski,Kendra45@gmail.com,1-449-302-2340,Fri Oct 25 2024 20:46:59 GMT+0530 (India Standard Time)
86,Christina Yundt,Karley47@gmail.com,1-377-537-1601,Fri Oct 25 2024 20:46:59 GMT+0530 (India Standard Time)
87,Tricia Batz,Joan_Kunde@gmail.com,(976) 781-6675,Fri Oct 25 2024 20:46:59 GMT+0530 (India Standard Time)
88,Sidney Hoeger,Hudson.Lockman@gmail.com,1-747-373-7717,Fri Oct 25 2024 20:46:59 GMT+0530 (India Standard Time)
89,Heidi Jacobson,Stanley72@gmail.com,1-365-987-6684,Fri Oct 25 2024 20:47:00 GMT+0530 (India Standard Time)
